var	rel.inf
ATTENDANCE_RATE	25.19831643843003
PUPIL_COUNT_TOT	11.591000856697955
PER_FREE_LUNCH	10.210983706430653
NUM_TEACH	9.459397516235992
PER_SWD	8.041406443582124
PER_BLACK	7.549572684026711
PER_ECDIS	4.065925706098411
NEEDS_INDEX	3.847366963134137
PER_ELL	3.3676662117212333
PER_REDUCED_LUNCH	3.0920859239641674
