var	rel.inf
ATTENDANCE_RATE	64.71415794572093
PER_SWD	7.953203861515901
PER_ELL	4.779273083832947
PER_SUSPENSIONS	4.117789830476311
NEEDS_INDEX	2.2299463007792784
OVERALL_STATUS	2.1841859460294137
PER_ECDIS	1.9618497198624236
PER_TEACH_INEXP	1.9171316908107503
NUM_TEACH	1.8967766157468118
PER_STATE_LOCAL_EXP	1.6675537017298427
