var	rel.inf
ATTENDANCE_RATE	23.713498455376573
PUPIL_COUNT_TOT	11.098249313742823
NUM_TEACH	9.69634772785767
PER_FREE_LUNCH	9.457189225906518
PER_SWD	7.936020894907816
PER_BLACK	7.098273670053649
PER_ECDIS	4.673808847407186
PER_ELL	4.177863609738884
PER_REDUCED_LUNCH	3.7616209399480818
PER_STATE_LOCAL_EXP	3.462546704435467
