Error	Linear Regression	Random Forest	Boosting
Root Mean Squared Error	6.928685066915263	6.427957494304605	6.623638060731017
