Error	Linear Regression	Random Forest	Boosting
Root Mean Squared Error	6.928685066915263	7.167345380917513	6.099605231447944
