Error	Linear Regression	Random Forest	Boosting
Root Mean Squared Error	6.964008604053367	3.138569917185531	6.10042539966848
